action,all_action_probabilities,episode_id,episode_name,reward,transition_number,state_feature_0,state_feature_1,state_feature_2,state_feature_3,state_feature_4,state_feature_5
0,"[0.4159157,0.23191088,0.35217342]",0,acrobot,-1.0,0,0.9968938428330607,0.07875700680912663,0.9975665240475267,0.06972108791273637,-0.0785399071707061,-0.0724490023176746
0,"[0.46244532,0.22402011,0.31353462]",0,acrobot,-1.0,1,0.9976430507584714,0.0686173685981184,0.9997776043136616,0.021088904970042347,-0.02265348335042043,-0.40743715996903285
0,"[0.4961428,0.21575058,0.2881066]",0,acrobot,-1.0,2,0.997613067305591,0.0690519220668802,0.9961476294757884,-0.08769207655066319,0.023128103124320752,-0.6620195937714852
0,"[0.49341106,0.22363988,0.28294897]",0,acrobot,-1.0,3,0.997141343848693,0.07555885380034953,0.9727806546115643,-0.23172785333985327,0.03557582122907219,-0.7714020230705443
0,"[0.45397407,0.25587747,0.29014853]",0,acrobot,-1.0,4,0.9967546098030519,0.08049998656127796,0.9268054290498919,-0.37554187074632,0.008372303513174313,-0.7138959360212807
0,"[0.38698277,0.30777487,0.30524233]",0,acrobot,-1.0,5,0.9970150272230915,0.07720774243130112,0.8726888631897288,-0.48827671259708744,-0.043230464809880215,-0.5196943283326904
1,"[0.33278087,0.3500309,0.31718823]",0,acrobot,-1.0,6,0.997993734871525,0.06331275667023482,0.8322515614713116,-0.5543981767904397,-0.09384820705913162,-0.24818630971066896
1,"[0.27587393,0.42721346,0.2969126]",0,acrobot,-1.0,7,0.9995797842750588,0.028987150060448504,0.8385763689636754,-0.5447840612717095,-0.24204526689173678,0.35577158951736937
1,"[0.25978026,0.45595637,0.28426334]",0,acrobot,-1.0,8,0.9995716796224112,-0.029265291675149997,0.8997172941817547,-0.4364731269508604,-0.32759191335058646,0.8642969851583542
1,"[0.25266603,0.48192942,0.26540455]",0,acrobot,-1.0,9,0.9954246974491869,-0.09554931558203184,0.9703886251640227,-0.2415489932752314,-0.3187588987512591,1.1711288228596455
1,"[0.27496657,0.4642073,0.26082614]",0,acrobot,-1.0,10,0.9889586627005483,-0.1481916443985393,0.9999954961152684,-0.0030012912518251646,-0.19270340890870027,1.1880222050218896
1,"[0.31569412,0.41338897,0.27091688]",0,acrobot,-1.0,11,0.9862679998692196,-0.1651527548482582,0.9777502767703928,0.2097722485826478,0.03198120211262398,0.9150970452063524
0,"[0.36488923,0.34717444,0.2879363]",0,acrobot,-1.0,12,0.9910423279200936,-0.13354813465833815,0.9391735942232596,0.3434428044285745,0.28461784398826606,0.45998696746620754
0,"[0.42611158,0.27603078,0.2978576]",0,acrobot,-1.0,13,0.9990666178548968,-0.04319598462794285,0.9360302670625966,0.35191950662434723,0.6031167776651829,-0.3560345189466482
0,"[0.49734,0.23626406,0.26639587]",0,acrobot,-1.0,14,0.9953401282953144,0.09642628793574484,0.9759269763818114,0.21809753957863764,0.7628440047151143,-0.9977185270757667
0,"[0.49276745,0.23724914,0.26998338]",0,acrobot,-1.0,15,0.9695835633186072,0.24476052325159073,0.9998654907108885,-0.01640123426679226,0.7067632345454073,-1.3003978652137063
0,"[0.441246,0.23615313,0.32260087]",0,acrobot,-1.0,16,0.9343741586532636,0.3562933224760267,0.9630317632038138,-0.2693878673224791,0.4321978025795946,-1.2020667957833437
2,"[0.3521945,0.260969,0.38683653]",0,acrobot,-1.0,17,0.9170671606949656,0.39873277113233885,0.8887716714261389,-0.45835021115996816,0.011950181069753818,-0.794665380623085
2,"[0.2563154,0.30215394,0.4415306]",0,acrobot,-1.0,18,0.9419313477389797,0.33580550344898946,0.8699956156356095,-0.4930594576466584,-0.6746602850460806,0.396667146456146
2,"[0.25218955,0.3178188,0.4299916]",0,acrobot,-1.0,19,0.9886021711482806,0.15055147691373116,0.9470818406914663,-0.3209921915443803,-1.198058396442482,1.4419067214419785
2,"[0.2546197,0.36441436,0.38096592]",0,acrobot,-1.0,20,0.9934237924864935,-0.11449527729016737,0.9995897850757185,0.028640209012485807,-1.3951248679653547,2.0038020472707005
1,"[0.27024505,0.38614658,0.34360838]",0,acrobot,-1.0,21,0.9294710232278833,-0.3688951300569196,0.9113790338469281,0.41156804621379417,-1.1702611702725,1.8392043748782336
1,"[0.33846006,0.3910839,0.27045605]",0,acrobot,-1.0,22,0.8532037045381791,-0.521577835574258,0.7669080300045902,0.6417570206195476,-0.5065364367780318,0.8425655783385476
0,"[0.43786302,0.3346957,0.22744128]",0,acrobot,-1.0,23,0.8400536118515232,-0.5425033909711628,0.7298644885831428,0.6835918579863772,0.26264789536256883,-0.2884968398933233
0,"[0.4917809,0.30370644,0.20451269]",0,acrobot,-1.0,24,0.9068927981490583,-0.4213614275955636,0.8514302548462692,0.5244678456611207,1.0991252644212537,-1.6932024145436557
0,"[0.47909054,0.3661032,0.15480629]",0,acrobot,-1.0,25,0.9886986358102617,-0.14991666867605988,0.9951457374546429,0.09841220059451529,1.6791501558195614,-2.72967595289367
0,"[0.4439995,0.39680701,0.15919344]",0,acrobot,-1.0,26,0.9800588638333657,0.19870738139699898,0.8908623541677129,-0.4542733383402119,1.7297618134932358,-2.7903659210556317
1,"[0.36238444,0.4115512,0.2260644]",0,acrobot,-1.0,27,0.8743562537760237,0.48528459843967614,0.5768115716828618,-0.8168772311508914,1.2758081674411248,-1.9631463956053472
1,"[0.28747708,0.35701844,0.35550448]",0,acrobot,-1.0,28,0.7756428375768383,0.6311720752027536,0.3522033449516187,-0.9359235031800895,0.465785808428012,-0.5770532497507395
2,"[0.26328886,0.3609373,0.37577385]",0,acrobot,-1.0,29,0.7724395635998845,0.6350882777894896,0.3750262721727256,-0.9270141828366105,-0.41692653503280175,0.8215052152617692
1,"[0.3333333333333333,0.3333333333333333,0.3333333333333333]",0,acrobot,-1.0,30,0.8734808774438966,0.48685845657628307,0.6573062898730421,-0.7536235408301258,-1.362042931832938,2.5009494201258162
2,"[0.26442814,0.34687164,0.38870016]",0,acrobot,-1.0,31,0.985391216662497,0.17030604840816427,0.972226083505984,-0.23404367658754494,-1.9349078486969873,3.539321792427425
2,"[0.2567008,0.35718045,0.3861187]",0,acrobot,-1.0,32,0.9730189792857952,-0.23072508738676273,0.8743988376217459,0.4852078655233648,-1.9802849195648213,3.640316944902864
1,"[0.27209938,0.39516294,0.33273768]",0,acrobot,-1.0,33,0.8373803069618516,-0.5466207291280447,0.4179720928653786,0.9084598667997037,-1.4105118324687809,2.592256857018918
1,"[0.36473653,0.39839333,0.23687008]",0,acrobot,-1.0,34,0.716148122291276,-0.6979483268399457,0.06604848528556626,0.9978164147735206,-0.5157181138523356,1.06460064938796
1,"[0.34728798,0.47192034,0.18079165]",0,acrobot,-1.0,35,0.7096248920757904,-0.7045796708296534,0.0024280599713966933,0.999997052258043,0.4202907465432666,-0.4255435085246617
0,"[0.4919412,0.34297207,0.1650867]",0,acrobot,-1.0,36,0.8203300219752336,-0.5718904222367364,0.2356590701871603,0.9718357899555475,1.290295396374642,-1.9347320983802063
0,"[0.58168167,0.3111547,0.10716362]",0,acrobot,-1.0,37,0.9647319492057617,-0.2632342420386295,0.7206807723620832,0.6932670656735334,2.0955653045274447,-3.7078906339196065
0,"[0.66235137,0.2524689,0.0851797]",0,acrobot,-1.0,38,0.9804027551064735,0.19700364915309607,0.9950620918584514,-0.09925438703796871,2.414840614999213,-4.671345444257555
0,"[0.5700826,0.30409506,0.12582238]",0,acrobot,-1.0,39,0.8064090836882386,0.5913580892700255,0.5696253914650469,-0.8219044429848839,1.81331790350001,-3.7624304933766277
0,"[0.48961076,0.31793532,0.1924539]",0,acrobot,-1.0,40,0.6218684860251216,0.783121693026584,-0.002395088655137431,-0.9999971317710536,0.8324888864227841,-2.319789577947466
0,"[0.4844793,0.2676345,0.24788618]",0,acrobot,-1.0,41,0.5714923418485475,0.8206073989481589,-0.3217486854124433,-0.9468251071002314,-0.20108954058833228,-0.941863687540982
1,"[0.33206615,0.4249687,0.24296518]",0,acrobot,-1.0,42,0.6785326910714582,0.7345702057307559,-0.37094364083375747,-0.9286553802810795,-1.1460550429850769,0.41897065736557826
1,"[0.15549971,0.45078143,0.39371887]",0,acrobot,-1.0,43,0.871323016150849,0.4907098954838668,-0.13573797258182266,-0.9907447717749392,-1.9234413914459103,2.020522786401874
2,"[0.24349524,0.24931902,0.50718576]",0,acrobot,-1.0,44,0.996901367190088,0.07866170665916986,0.412202857928368,-0.9110920940913084,-2.361429940535378,3.556893518274416
2,"[0.22498764,0.24981694,0.5251954]",0,acrobot,-1.0,45,0.9144087472688158,-0.40479209838912966,0.9583561462548968,-0.2855757288977178,-2.4970950531137714,4.813329598980511
2,"[0.19541226,0.30099553,0.5035922]",0,acrobot,-1.0,46,0.6528417188103376,-0.7574943499332283,0.7964064070597907,0.6047618000453691,-1.788603942237563,4.2890270339624745
2,"[0.23376465,0.3423541,0.42388123]",0,acrobot,-1.0,47,0.45693499307846935,-0.8895000911188145,0.20369991733987225,0.9790333720950115,-0.5454141905552623,2.8391008083538605
0,"[0.38514495,0.26645663,0.3483984]",0,acrobot,-1.0,48,0.4757262282430477,-0.879593403659693,-0.21203803836873159,0.9772614134839973,0.745279270550349,1.3430004984224257
0,"[0.42832622,0.29625633,0.27541748]",0,acrobot,-1.0,49,0.6991904728160946,-0.7149354395490589,-0.2772006035319889,0.9608120655994601,1.9786300799725798,-0.6811905524249358
0,"[0.53751993,0.23214418,0.23033586]",0,acrobot,-1.0,50,0.9508346855628482,-0.3096988871962565,0.061913547611305866,0.9980815160207018,2.753276210207895,-2.7404783904501073
0,"[0.6686994,0.19073094,0.14056967]",0,acrobot,-1.0,51,0.9633745803540191,0.26815931445265434,0.7175844954620197,0.6964714580458546,3.030303912417823,-4.5380476050198295
0,"[0.66969043,0.18994549,0.14036404]",0,acrobot,-1.0,52,0.6586583797562248,0.7524421165624003,0.9781434390019424,-0.20793126926331504,2.621010626957922,-4.915391231651465
0,"[0.5448589,0.25793728,0.19720386]",0,acrobot,-1.0,53,0.30297805561987723,0.9529975329521051,0.47474434327065496,-0.8801237461473895,1.4183323179029077,-3.6365475426516918
1,"[0.30531847,0.39314795,0.3015336]",0,acrobot,-1.0,54,0.16224516423006202,0.9867504784310774,-0.09052356674001513,-0.9958943136019334,0.020840195823472962,-2.225084547734263
1,"[0.30754063,0.36502412,0.32743526]",0,acrobot,-1.0,55,0.30124532634447626,0.9535466707799939,-0.35956183285697285,-0.933121261333453,-1.42883467768653,-0.5184752940958801
1,"[0.15397997,0.5532059,0.2928141]",0,acrobot,-1.0,56,0.6578965691446246,0.7531082952057641,-0.27758133686536196,-0.9607021398040282,-2.627260302624042,1.4246915871470125
2,"[0.15973839,0.16982801,0.6704336]",0,acrobot,-1.0,57,0.9691925643807805,0.24630422884921532,0.21063469854027458,-0.9775648437678431,-3.316915628254193,3.4990626950089254
2,"[0.17118277,0.13567317,0.6931441]",0,acrobot,-1.0,58,0.9022619289174281,-0.43118837139491833,0.8977536748339274,-0.4404978312343647,-3.518662332404914,5.311932281765673
2,"[0.16859652,0.25103182,0.5803717]",0,acrobot,-1.0,59,0.4626645390190234,-0.8865334310302768,0.8242713756076896,0.5661949305264107,-2.7543839862997306,4.882899514851558
2,"[0.20353389,0.36079842,0.43566772]",0,acrobot,-1.0,60,0.061586405535131415,-0.9981017556608456,0.143984509100283,0.9895799417627413,-1.4133327324462122,3.369649546611819
2,"[0.31792602,0.27035195,0.411722]",0,acrobot,-1.0,61,-0.08192947979550338,-0.9966381290821851,-0.3874607474088276,0.9218862018803583,-0.020881752553921995,2.0758584668911038
0,"[0.4297876,0.22032276,0.34988967]",0,acrobot,-1.0,62,0.05269088361557808,-0.9986108705515926,-0.6296117057629838,0.7769099690222967,1.3594367659985733,0.7189491311170373
0,"[0.4242623,0.35052028,0.22521743]",0,acrobot,-1.0,63,0.44884389578681194,-0.893610181910948,-0.5837930207001293,0.8119025243105348,2.7190114881870553,-1.351729636138676
0,"[0.5163097,0.2743586,0.2093318]",0,acrobot,-1.0,64,0.8955172465150407,-0.4450268095228868,-0.11706964181800564,0.9931237077849888,3.6299739065715135,-3.7577874408807155
0,"[0.62410814,0.24963097,0.12626094]",0,acrobot,-1.0,65,0.9517498794829101,0.3068748391515116,0.7728899069300162,0.6345401419655898,4.016693018556907,-6.124410916161684
0,"[0.5853796,0.3072004,0.107419945]",0,acrobot,-1.0,66,0.4755742807529777,0.8796755671759264,0.8339000416687756,-0.5519155012362076,3.3910396981847706,-6.038023845762823
0,"[0.4363915,0.40008128,0.16352731]",0,acrobot,-1.0,67,-0.04078741962270306,0.9991678469609205,-0.03732676126456197,-0.9993031136214369,1.951691213702318,-4.224928273386764
1,"[0.23256241,0.60896415,0.15847343]",0,acrobot,-1.0,68,-0.2849166110814006,0.9585523067260805,-0.6765896881770606,-0.736360233752793,0.542341805436952,-2.8939805611364258
1,"[0.19618271,0.6709068,0.13291058]",0,acrobot,-1.0,69,-0.25526435489927174,0.9668712991488881,-0.9249476513868303,-0.38009451744794553,-0.8305483051298244,-1.4726948933079287
1,"[0.24342512,0.63553125,0.121043675]",0,acrobot,-1.0,70,0.038338788418890594,0.9992647983905826,-0.9692306744174612,-0.2461542194809451,-2.126200381288931,0.08715867285375967
1,"[0.29632482,0.5605075,0.14316766]",0,acrobot,-1.0,71,0.5525230199573525,0.8334976379193927,-0.9074027284459399,-0.42026216628298085,-3.2942018863597906,1.7842441442591377
2,"[0.29332587,0.20211335,0.5045608]",0,acrobot,-1.0,72,0.9675925424796449,0.2525166761577867,-0.5652100851472315,-0.8249470041450295,-3.8671816328769495,3.5902399779889693
2,"[0.2547766,0.12245505,0.6227683]",0,acrobot,-1.0,73,0.8706809128088765,-0.4918482978219012,0.30893412293644157,-0.9510834388661658,-3.7508350483031747,5.500106869668188
2,"[0.24871975,0.26113677,0.4901435]",0,acrobot,-1.0,74,0.34138243643600685,-0.9399244821223754,0.9992488477149856,-0.03875229464526708,-3.2144896065546265,6.32909714506913
2,"[0.3333333333333333,0.3333333333333333,0.3333333333333333]",0,acrobot,-1.0,75,-0.16218352530387914,-0.986760611354145,0.44140004111713693,0.8973104277237559,-1.8019851091569716,5.026336016147747
2,"[0.252952,0.3289302,0.41811785]",0,acrobot,-1.0,76,-0.3519598519407006,-0.9360150974326643,-0.3973950387806091,0.917647635616503,-0.1550458816558844,3.6691096927379414
2,"[0.36448038,0.20078056,0.43473908]",0,acrobot,-1.0,77,-0.22455948074828083,-0.9744603838053462,-0.8460872781504858,0.5330443862868293,1.4620065215921825,2.2956318429138194
0,"[0.47211525,0.27738136,0.25050333]",0,acrobot,-1.0,78,0.20866066765158384,-0.9779881010396779,-0.9669289026551875,0.25504606879941316,2.8625657206547417,0.7342272352555048
1,"[0.3692403,0.5212012,0.10955853]",0,acrobot,-1.0,79,0.7881231412519023,-0.6155175986299937,-0.9552489454925466,0.2958030630932984,4.017986670882403,-1.111814354448071
0,"[0.4930984,0.36784437,0.1390572]",0,acrobot,-1.0,80,0.9837442860733218,0.17957499719640974,-0.7917203851057002,0.610883648339094,4.231069762492663,-2.3705728220513356
1,"[0.41504136,0.46719393,0.11776474]",0,acrobot,-1.0,81,0.5720679504391504,0.8202062302130787,-0.34096619246531235,0.9400755584503342,3.45437723675404,-3.1438896177051046
1,"[0.2236924,0.67868567,0.09762189]",0,acrobot,0.0,82,0.04050778144691153,0.9991792229836693,0.2553341732290426,0.9668528636671876,2.2134989877871867,-2.7704212751197064
,,0,acrobot,,,-0.2732873158790928,0.961932452399648,0.6570762867833184,0.7538240864731283,0.9662066114844468,-1.7538446742404186
0,"[0.38353485,0.24642251,0.3700426]",1,acrobot,-1.0,0,0.9998126418528951,-0.019356683371240236,0.9981388262067926,0.060982650143513936,-0.059747304373868305,0.09599775800722118
0,"[0.41569653,0.25060037,0.33370316]",1,acrobot,-1.0,1,0.9999024680997618,-0.013966183730881931,0.9993214172609759,0.03683347666884757,0.11158873028298419,-0.33235087031236443
0,"[0.44505048,0.24333785,0.31161162]",1,acrobot,-1.0,2,0.9997437644603546,0.022636373884503957,0.9978259736501838,-0.06590391725127404,0.24353139677588412,-0.6716193029512154
0,"[0.4387334,0.25104925,0.31021735]",1,acrobot,-1.0,3,0.996990076273386,0.07752927068138879,0.976089187673895,-0.2173704158944264,0.28978939374128054,-0.8243932228299092
0,"[0.40031144,0.26833227,0.33135626]",1,acrobot,-1.0,4,0.9913573170700285,0.13118944276013553,0.9285030523029408,-0.3713247660258098,0.23417905755191085,-0.7537919068435248
2,"[0.3491271,0.29055607,0.36031678]",1,acrobot,-1.0,5,0.9862874481599567,0.16503657049914963,0.8736950578707613,-0.4864739929864772,0.0986121942572887,-0.498694393095144
2,"[0.2831258,0.30848357,0.4083907]",1,acrobot,-1.0,6,0.989674640898659,0.1433321497854212,0.8736923332430925,-0.48647888631701275,-0.31306650997502217,0.4946277972187553
2,"[0.2533286,0.33075842,0.415913]",1,acrobot,-1.0,7,0.9989526931340067,0.04575496563560172,0.949863639222735,-0.31266446373475504,-0.6454436664079302,1.3670737011661371
1,"[0.24847747,0.38042676,0.3710957]",1,acrobot,-1.0,8,0.9948577488285543,-0.10128207934171413,0.9998988599555286,0.014222160863737843,-0.7858837404072432,1.8733682425368334
2,"[0.3333333333333333,0.3333333333333333,0.3333333333333333]",1,acrobot,-1.0,9,0.972175244635936,-0.23425476242129645,0.9363904837406177,0.350959915033059,-0.525224938166571,1.4896556891031367
1,"[0.32738188,0.38063115,0.29198703]",1,acrobot,-1.0,10,0.9516345956166771,-0.3072321539576929,0.8151765493899193,0.5792125631620436,-0.21260815537917782,1.0546815149788595
0,"[0.40489355,0.34417182,0.25093463]",1,acrobot,-1.0,11,0.9538064453499527,-0.3004218114732812,0.741017160733938,0.6714860888341716,0.2809425676426575,0.12092687282013315
0,"[0.4622471,0.31109425,0.22665872]",1,acrobot,-1.0,12,0.9814476749447166,-0.19173017849470061,0.8042087864115134,0.5943468918556913,0.8187774763441851,-1.0971484836815704
0,"[0.4366298,0.35129187,0.21207838]",1,acrobot,-1.0,13,0.9999548330602432,0.009504306364013363,0.9511149594090426,0.30883706705694414,1.1616403047130086,-2.0572126919345934
0,"[0.46253863,0.29861918,0.23884226]",1,acrobot,-1.0,14,0.9693155037897689,0.24581996280364715,0.9896378472430498,-0.14358597182225682,1.1606495704790065,-2.3959199021311237
0,"[0.4195211,0.2804502,0.3000287]",1,acrobot,-1.0,15,0.9019650714158286,0.4318089970644882,0.8301175341404692,-0.5575884499454297,0.7674806566519499,-1.9758045770039265
2,"[0.3100027,0.2768182,0.41317913]",1,acrobot,-1.0,16,0.8575215971387417,0.5144479666988895,0.6168281617493938,-0.7870978458062655,0.15288712055419362,-1.1315747886314012
2,"[0.17608733,0.35027432,0.4736383]",1,acrobot,-1.0,17,0.8849078188784195,0.4657661989537651,0.5589453076320616,-0.8292045242737764,-0.6959010119396905,0.4130248879595455
1,"[0.3333333333333333,0.3333333333333333,0.3333333333333333]",1,acrobot,-1.0,18,0.9631805027656924,0.2688555729235084,0.7350929448605743,-0.6779663431293685,-1.39123354596301,1.8859097314686253
2,"[0.20388868,0.35646248,0.43964884]",1,acrobot,-1.0,19,0.9992330520006787,-0.03915747424705675,0.9607353530494096,-0.2774663608458262,-1.6522844406785058,2.636455325272747
2,"[0.20497984,0.39366466,0.4013555]",1,acrobot,-1.0,20,0.9333990379390993,-0.3588401259256884,0.9611908772483208,0.2758842103031696,-1.535943757058296,2.7980008191049635
1,"[0.22928955,0.42560682,0.34510368]",1,acrobot,-1.0,21,0.8137627674939697,-0.5811971767314045,0.7137081737131232,0.7004431759786646,-0.9390232660405419,2.069836487660209
0,"[0.36359924,0.34568584,0.29071492]",1,acrobot,-1.0,22,0.7532360997958634,-0.6577502398055938,0.4912689784282198,0.8710079166311253,-0.02757614472808778,0.7285647977415795
0,"[0.33684728,0.33638757,0.32676515]",1,acrobot,-1.0,23,0.8125810782771559,-0.582848171675896,0.5089191430657776,0.8608143271467981,0.9663326751233229,-0.9323053488122446
1,"[0.3482709,0.36566207,0.286067]",1,acrobot,-1.0,24,0.941944115136917,-0.3357696888626644,0.7735027442270195,0.633792950949496,1.7897398662845911,-2.54023542706308
0,"[0.39165246,0.36871588,0.23963162]",1,acrobot,-1.0,25,0.9985303170370889,0.05419599577284939,0.9958896060897551,0.09057534146991918,2.0792770234895683,-3.242829631970679
1,"[0.3333333333333333,0.3333333333333333,0.3333333333333333]",1,acrobot,-1.0,26,0.898137240908315,0.43971524478189217,0.8504928852173756,-0.525986551343876,1.8238923365162716,-3.000100507783218
0,"[0.34638417,0.31028363,0.34333217]",1,acrobot,-1.0,27,0.7389409127781728,0.67377023340495,0.5201659904900365,-0.8540651862343525,0.973837948826428,-1.651170718487374
2,"[0.25740734,0.25467065,0.48792207]",1,acrobot,-1.0,28,0.6629147450132435,0.7486948916908852,0.32662286524390766,-0.9451547512972995,0.08261330390095711,-0.48709571791311235
2,"[0.18484628,0.3633778,0.45177582]",1,acrobot,-1.0,29,0.730101548682259,0.6833386631910762,0.3969053851961352,-0.9178595291232245,-1.008253934736561,1.2468043056744578
2,"[0.23515826,0.30103606,0.4638057]",1,acrobot,-1.0,30,0.8998329296342513,0.43623468310743074,0.7408542203755906,-0.671665857515235,-1.9644018118636217,2.9976424789693272
2,"[0.3333333333333333,0.3333333333333333,0.3333333333333333]",1,acrobot,-1.0,31,0.9999787977457186,-0.0065118399110530465,0.9999999866815336,-0.00016320824918045017,-2.499684974139245,4.148518861166966
2,"[0.23191717,0.3673904,0.40069246]",1,acrobot,-1.0,32,0.8836923357590637,-0.4680682169520702,0.6982223951540429,0.7158809167070677,-2.1777129603189045,3.5827317903457025
1,"[0.26493996,0.4160783,0.3189818]",1,acrobot,-1.0,33,0.6644408335406563,-0.7473408718408207,0.1884605343682272,0.9820807639831065,-1.3475304908100112,2.219809460358304
1,"[0.36881706,0.37637267,0.2548103]",1,acrobot,-1.0,34,0.5344507469937146,-0.845199620822123,-0.0932090956906686,0.9956465560029462,-0.270848134687925,0.6283563632757083
1,"[0.3344129,0.42683724,0.2387499]",1,acrobot,-1.0,35,0.5804192579437586,-0.8143178034453236,-0.06469775280023177,0.9979049056811977,0.8172412795922366,-0.9197342816680756
0,"[0.43609703,0.34270412,0.22119889]",1,acrobot,-1.0,36,0.7733263837467205,-0.6340081262895768,0.27754385083348804,0.9607129700719765,1.8053085120352554,-2.5591575870362444
0,"[0.49246722,0.36178416,0.14574863]",1,acrobot,-1.0,37,0.9729207507955988,-0.2311389466778116,0.835869801149265,0.5489277507347284,2.6708758310100604,-4.464571032786315
2,"[0.3333333333333333,0.3333333333333333,0.3333333333333333]",1,acrobot,-1.0,38,0.9456666027364558,0.32513793452762535,0.9210972901509751,-0.38933248268867876,2.790344820781447,-4.957280033824463
0,"[0.48756802,0.34223917,0.1701928]",1,acrobot,-1.0,39,0.7011556986740286,0.7130081950559438,0.35613941016588047,-0.9344328336090822,1.7692068452557947,-3.0204421564379724
0,"[0.438059,0.3370523,0.22488868]",1,acrobot,-1.0,40,0.49968110206624256,0.8662094413234396,-0.0954934224552364,-0.9954300609624896,0.7492167078544025,-1.594804772804858
0,"[0.38365528,0.29182947,0.32451528]",1,acrobot,-1.0,41,0.4628086622697184,0.8864582010044882,-0.27648701982919344,-0.9610176522135122,-0.3281611633322652,-0.25498565930055594
1,"[0.23212409,0.4488498,0.31902608]",1,acrobot,-1.0,42,0.6053595881522223,0.7959521147859158,-0.19371564756775847,-0.9810577189377819,-1.339885574868367,1.1212898809492684
2,"[0.21855381,0.33257154,0.4488746]",1,acrobot,-1.0,43,0.8477012034605083,0.5304740046897737,0.19898858045086923,-0.9800018085953454,-2.2316425616574485,2.8493645804696386
2,"[0.34732482,0.2181045,0.4345707]",1,acrobot,-1.0,44,0.9992824561317674,0.03787575566589359,0.8253585103364706,-0.5646090057864488,-2.911323414877212,4.771140093029386
2,"[0.28281432,0.26185802,0.45532772]",1,acrobot,-1.0,45,0.8527191728984919,-0.5223696126032906,0.910885802343847,0.4126585211629662,-2.774620484192156,5.072193050136658
1,"[0.27827293,0.37956554,0.34216145]",1,acrobot,-1.0,46,0.5338093890274724,-0.8456048345333159,0.2681578165471982,0.9633749973009675,-1.7346465091818473,3.5701647908839975
2,"[0.3333333333333333,0.3333333333333333,0.3333333333333333]",1,acrobot,-1.0,47,0.33878797243831427,-0.9408627475520199,-0.26199933800560604,0.9650680529810446,-0.43864624500995575,1.8382339700623656
0,"[0.45686808,0.2448743,0.29825756]",1,acrobot,-1.0,48,0.36940228622935367,-0.929269579254872,-0.47440748155806856,0.8803053682908737,0.7560021446021126,0.44970175968462245
0,"[0.39856103,0.36775476,0.23368424]",1,acrobot,-1.0,49,0.607484773970576,-0.7943313221785467,-0.38436722732053835,0.9231802828060842,1.9483504232093893,-1.4731329053954474
0,"[0.3333333333333333,0.3333333333333333,0.3333333333333333]",1,acrobot,-1.0,50,0.9069309753776013,-0.421279249311704,0.10807202292204249,0.9941430670992669,2.8244843389635235,-3.5854862034904444
0,"[0.48468456,0.39566344,0.11965202]",1,acrobot,-1.0,51,0.9822627092795293,0.1875099196278395,0.8615264412332259,0.5077127052339866,3.3260409944015783,-5.579466250601983
0,"[0.5618146,0.3290414,0.10914398]",1,acrobot,-1.0,52,0.6786345338253748,0.7344761190805432,0.8190285718751767,-0.5737527328493595,2.8290934345273846,-5.393725029625391
0,"[0.42122093,0.4143932,0.16438587]",1,acrobot,-1.0,53,0.30086071177708673,0.953668093263576,0.05008830966110498,-0.9987447928451458,1.5329120813114463,-3.686270245717997
1,"[0.23354502,0.5564796,0.20997544]",1,acrobot,-1.0,54,0.13558196044753176,0.9907661338586438,-0.5101061312223334,-0.8601114665491814,0.16434214035079675,-2.2025304032323967
1,"[0.2908536,0.47745928,0.2316871]",1,acrobot,-1.0,55,0.24030337030063864,0.970697836724773,-0.7260960879870578,-0.6875932453201462,-1.2096357877104902,-0.5611072965382182
1,"[0.17526558,0.6387124,0.18602203]",1,acrobot,-1.0,56,0.5702799254771453,0.8214504285699664,-0.682890228296374,-0.7305210031869899,-2.3809397984158522,1.1925486140268686
2,"[0.3333333333333333,0.3333333333333333,0.3333333333333333]",1,acrobot,-1.0,57,0.9184511931961806,0.3955343293780099,-0.322310630076763,-0.946633961856176,-3.0968882961614654,3.051102890154038
2,"[0.29353443,0.23547316,0.4709924]",1,acrobot,-1.0,58,0.9701114944392609,-0.2426596141858466,0.4687550532839842,-0.883328194965342,-3.352113371378738,5.060889917469214
2,"[0.22792017,0.3452508,0.426829]",1,acrobot,-1.0,59,0.6211936100941757,-0.7836571308794205,0.9985852062492605,0.0531750492253819,-3.048129712918295,5.921926096140854
0,"[0.3333333333333333,0.3333333333333333,0.3333333333333333]",1,acrobot,-1.0,60,0.1803932843082088,-0.9835945622951042,0.43759295410781657,0.8991731793793643,-1.7367979287510404,4.543534353295782
0,"[0.3333333333333333,0.3333333333333333,0.3333333333333333]",1,acrobot,-1.0,61,0.005399726198218977,-0.9999854213722239,-0.24897909858778827,0.9685088582281591,-0.03605210288285576,2.5609770217344194
0,"[0.45851797,0.19819105,0.34329095]",1,acrobot,-1.0,62,0.1590978923014262,-0.9872628123581095,-0.5445468463090425,0.8387304287879843,1.5528031264064037,0.6537014016096938
1,"[0.3107886,0.4199095,0.26930186]",1,acrobot,-1.0,63,0.5725342759219563,-0.819880785782007,-0.474294268342461,0.8803663709033243,2.8800429366583353,-1.523808381592397
1,"[0.30960712,0.3931278,0.29726508]",1,acrobot,-1.0,64,0.9543675238793358,-0.29863460845057027,0.028559261587636883,0.9995921010980273,3.597237967642256,-3.7144089624375396
2,"[0.3333333333333333,0.3333333333333333,0.3333333333333333]",1,acrobot,-1.0,65,0.905670499385399,0.42398224791021855,0.8242362783118173,0.566246022074049,3.706973026068759,-5.488959348647895
1,"[0.3465495,0.4235531,0.22989738]",1,acrobot,-1.0,66,0.45392914142512425,0.891037785150018,0.8988331896090405,-0.4382908820147173,2.743644830873146,-4.663282469281913
1,"[0.268892,0.45132747,0.27978057]",1,acrobot,-1.0,67,0.059969031718231175,0.9982002380458431,0.3418382458780246,-0.9397588061066707,1.344827807307379,-3.0202003594048557
1,"[0.15000029,0.49780804,0.3521917]",1,acrobot,-1.0,68,-0.06616535700936516,0.9978086718062853,-0.10969180583129856,-0.9939656471596333,-0.08230997961632602,-1.590488823622098
1,"[0.1533642,0.46902287,0.377613]",1,acrobot,-1.0,69,0.09245984062424957,0.9957164143830001,-0.2774312017806465,-0.9607455065096824,-1.4990160796833611,-0.07277986806600167
1,"[0.10698483,0.57287824,0.3201369]",1,acrobot,-1.0,70,0.5014725080575622,0.8651735800765407,-0.11027609794179477,-0.9939009921630684,-2.7877336516668643,1.8593348928512017
2,"[0.17303623,0.24946795,0.5774958]",1,acrobot,-1.0,71,0.9255777677245498,0.3785575199280017,0.4708617136403196,-0.8822070316131592,-3.7074177573024176,4.162179483526529
2,"[0.2033613,0.22834365,0.56829506]",1,acrobot,-1.0,72,0.918893126223516,-0.3945065558126676,0.99923698124827,-0.03905707753845079,-4.048039168217338,5.845199769599178
2,"[0.20899788,0.39139295,0.39960915]",1,acrobot,-1.0,73,0.42162958877689527,-0.9067681566242973,0.5177258695798652,0.8555465644649463,-3.103596884145998,4.490490452620882
1,"[0.2667389,0.41148812,0.32177308]",1,acrobot,-1.0,74,-0.05927132871710165,-0.998241909354696,-0.17723308590401116,0.9841689048435444,-1.8408964909302337,2.825831010611325
2,"[0.3722615,0.25346357,0.3742749]",1,acrobot,-1.0,75,-0.291557776684162,-0.9565532200850031,-0.5640887904463174,0.8257141372731913,-0.5332948600494691,1.4445615962704048
1,"[0.3333333333333333,0.3333333333333333,0.3333333333333333]",1,acrobot,-1.0,76,-0.2776554100272772,-0.9606807343142594,-0.7065882673634081,0.7076249150675639,0.6789362649115096,0.39461322549197253
2,"[0.35084993,0.23323905,0.41591096]",1,acrobot,-1.0,77,-0.01681820282027172,-0.9998585640248806,-0.6604546888108033,0.7508659028267465,1.964404853889522,-1.085699030734417
2,"[0.27289477,0.24746518,0.47964004]",1,acrobot,-1.0,78,0.47229670620994646,-0.8814396299822441,-0.3342626483522624,0.942479963668476,3.08751934054973,-2.8093675650372942
2,"[0.32029617,0.19995968,0.47974423]",1,acrobot,-1.0,79,0.9304798036421467,-0.3663431929408163,0.4217686277489258,0.9067034932362332,3.8849262393359725,-4.97959928069557
0,"[0.41802996,0.22112148,0.36084855]",1,acrobot,-1.0,80,0.9083078722203269,0.418302294115849,0.9998961644674906,-0.014410422728042521,3.9760945036092448,-6.033779411336081
0,"[0.3333333333333333,0.3333333333333333,0.3333333333333333]",1,acrobot,-1.0,81,0.41610474277367265,0.9093166901807399,0.45014394662750246,-0.8929560052514436,2.9833243192023366,-4.564379355646493
1,"[0.29052323,0.45736417,0.25211266]",1,acrobot,-1.0,82,-0.03981670935610827,0.9992070004038458,-0.2664740055750722,-0.9638421055093912,1.705896287923938,-2.896102620363477
1,"[0.25138265,0.5095028,0.23911454]",1,acrobot,-1.0,83,-0.24511264297435545,0.9694946066142535,-0.6456659983694344,-0.7636199437872229,0.37994871603436287,-1.4736435732745408
1,"[0.24528219,0.4485963,0.30612153]",1,acrobot,-1.0,84,-0.1927423383368562,0.9812494030634825,-0.7600264289602336,-0.649892165887507,-0.9141542193351146,-0.12314266085218462
1,"[0.16743864,0.5702664,0.2622949]",1,acrobot,-1.0,85,0.11694032202674294,0.9931389434939513,-0.6709339052968352,-0.7415171574030754,-2.188220426079552,1.4606304816658355
2,"[0.16819394,0.34302202,0.48878402]",1,acrobot,-1.0,86,0.6214630013996972,0.7834435128911846,-0.2458969213463385,-0.969295983728599,-3.2992786142407313,3.5011389976120153
2,"[0.25222445,0.16794722,0.5798283]",1,acrobot,-1.0,87,0.9892377223549241,0.14631721932172598,0.6633023386436441,-0.7483515267238201,-4.181531354341892,6.2433105120356736
2,"[0.20713393,0.22568731,0.5671788]",1,acrobot,-1.0,88,0.7595736365294545,-0.6504213178313117,0.8615057624537505,0.5077477929631816,-4.082317763486778,6.826234125952063
2,"[0.26001596,0.3621937,0.37779027]",1,acrobot,-1.0,89,0.1725072079697156,-0.9850082553961126,-0.10795782644928306,0.9941554746156893,-2.768330163110239,4.619986739996127
2,"[0.33559293,0.28369498,0.38071206]",1,acrobot,-1.0,90,-0.2470086344166662,-0.9690132788169694,-0.7613927125526291,0.6482909356698963,-1.4765602351832012,3.065509170350463
2,"[0.36129203,0.22073548,0.4179725]",1,acrobot,-1.0,91,-0.4120437907151747,-0.9111640437007319,-0.9775427320936889,0.21073729364022492,-0.2962014058556841,1.8847890113274473
1,"[0.3333333333333333,0.3333333333333333,0.3333333333333333]",1,acrobot,-1.0,92,-0.3657909860088368,-0.9306970261877293,-0.9988904416446037,-0.04709443269696088,0.7935476478403372,0.6961822077765396
0,"[0.44650176,0.16477971,0.3887185]",1,acrobot,-1.0,93,-0.09793375789871668,-0.9951929355978345,-0.9991850530945647,-0.04036371727693002,1.9849453744301655,-0.7772709785948606
0,"[0.4379558,0.30518657,0.25685763]",1,acrobot,-1.0,94,0.4145909528713939,-0.9100078800742275,-0.9584733744821201,0.28518203030495737,3.2425165749379308,-2.545805098511566
0,"[0.441844,0.26705813,0.29109785]",1,acrobot,-1.0,95,0.919039752812319,-0.3941648547887946,-0.5414991603032776,0.8407012902278937,4.01788113591187,-4.6241589212901575
0,"[0.51190305,0.29316944,0.1949275]",1,acrobot,-1.0,96,0.9117969070147647,0.41064144987849016,0.5613916559629554,0.8275502453719477,4.224443431371126,-7.052240376249866
2,"[0.3333333333333333,0.3333333333333333,0.3333333333333333]",1,acrobot,-1.0,97,0.33023821411869697,0.9438976225924577,0.8605799309660642,-0.5093154056362758,3.621801691793031,-7.363691116751389
0,"[0.57697725,0.2734268,0.14959593]",1,acrobot,-1.0,98,-0.1987511034381686,0.9800499981542321,-0.1735141720050233,-0.984831372425458,1.749924576381802,-4.842870477369988
1,"[0.1794522,0.6792351,0.14131272]",1,acrobot,-1.0,99,-0.3836864703568153,0.9234634223753146,-0.8436407813754857,-0.5369080293683081,0.22165157542705627,-3.5099803358350394
1,"[0.10322378,0.7731845,0.1235917]",1,acrobot,-1.0,100,-0.2976507743471147,0.9546748224031903,-0.999967709113936,-0.008036213625007503,-1.089355625636874,-2.0723741732909975
1,"[0.24782972,0.60066754,0.15150279]",1,acrobot,-1.0,101,0.03261813144162475,0.9994678871786011,-0.966115248199523,0.2581110753074614,-2.255630746685383,-0.6354418064827878
0,"[0.49716857,0.42144763,0.081383765]",1,acrobot,-1.0,102,0.5637252228834805,0.8259623920524289,-0.9652919091874788,0.26117337164648347,-3.380886804961021,0.5233422143302837
0,"[0.66962886,0.26518592,0.065185234]",1,acrobot,-1.0,103,0.9757701337439886,0.2187981857631335,-0.9934602405401162,0.11417859022590222,-4.011240121084172,0.8408641629644402
0,"[0.62261486,0.28894916,0.088436015]",1,acrobot,-1.0,104,0.8421667640399051,-0.5392171562056931,-0.9998988058060734,-0.014225967369154616,-3.7353230987736974,0.29503756752121524
0,"[0.6207746,0.25482565,0.12439978]",1,acrobot,-1.0,105,0.3411625757506611,-0.9400043068556518,-0.9986296322715207,0.05233409547558255,-2.7081598313106694,-1.078644811935181
0,"[0.56953764,0.28719765,0.14326473]",1,acrobot,-1.0,106,-0.05611107378482149,-0.9984245326506728,-0.9005219644924478,0.4348105236383574,-1.262871449871816,-2.943733174679422
0,"[0.43928972,0.40071547,0.15999487]",1,acrobot,-1.0,107,-0.12239162839995629,-0.9924818836117901,-0.32451027472055544,0.9458821710978539,0.6781058243559965,-5.006365179047647
0,"[0.6626886,0.22680552,0.110505834]",1,acrobot,-1.0,108,0.23426721425139382,-0.9721722441660693,0.7990887846120064,0.6012130357097277,2.903432192403166,-7.659681459879783
0,"[0.3333333333333333,0.3333333333333333,0.3333333333333333]",1,acrobot,-1.0,109,0.8116411112595113,-0.5841564058652662,0.5284465729536927,-0.8489665597262931,3.8579936240002786,-8.213238501110894
1,"[0.36673838,0.5344385,0.09882309]",1,acrobot,-1.0,110,0.989944177837683,0.14145856200765647,-0.7913870433287389,-0.6113154240254345,3.7926282252755787,-6.574488130388519
1,"[0.14853546,0.7978121,0.053652517]",1,acrobot,-1.0,111,0.6573192179557624,0.7536122648325363,-0.8490246727014548,0.5283532011298763,3.20070542804621,-5.7401397917705355
1,"[0.054893456,0.9108558,0.034250695]",1,acrobot,-1.0,112,0.16972921294527193,0.9854907377915728,0.1026696691080029,0.9947155065873122,2.2857473248944937,-5.461710841809747
1,"[0.11908486,0.8243046,0.056610543]",1,acrobot,-1.0,113,-0.20281041208936626,0.9792180230919677,0.9184855270545926,0.3954545948541338,1.438528534289439,-5.088390635430514
1,"[0.20432541,0.67018986,0.12548473]",1,acrobot,-1.0,114,-0.3682133945687272,0.9297413059879478,0.8650547883469691,-0.501677399488935,0.20142908761001022,-4.127229767253012
1,"[0.078461826,0.7009225,0.22061564]",1,acrobot,-1.0,115,-0.2466727446678514,0.9690988376001846,0.3574785712587032,-0.933921340954813,-1.5564369477196238,-2.5480869463544384
1,"[0.1394127,0.6426465,0.21794079]",1,acrobot,-1.0,116,0.2592746389585917,0.9658036351106223,0.0888139525924287,-0.9960482326799791,-3.5399577684560772,-0.038206314195365465
2,"[0.21557733,0.33938372,0.44503897]",1,acrobot,-1.0,117,0.9034563017787915,0.42868019638909033,0.39912427262160916,-0.916896839892183,-4.957156995932607,3.2969912895355207
2,"[0.32015407,0.12846632,0.55137956]",1,acrobot,-1.0,118,0.8216519808637178,-0.5699894931862592,0.9806008895652736,-0.19601503866742997,-5.301775332298094,5.820398693423352
1,"[0.26073122,0.4061318,0.333137]",1,acrobot,-1.0,119,-0.0013090676780160141,-0.9999991431705401,0.6435777014333847,0.7653807824983073,-4.207617275337816,4.44984418981757
0,"[0.3333333333333333,0.3333333333333333,0.3333333333333333]",1,acrobot,-1.0,120,-0.6527250700261886,-0.7575948673000017,0.012638558334999465,0.9999201302320165,-2.9670766112832108,2.621306485815394
0,"[0.3333333333333333,0.3333333333333333,0.3333333333333333]",1,acrobot,-1.0,121,-0.9368701428581393,-0.3496774734251117,-0.39553633583910514,0.9184503291038523,-2.1453167464577305,1.7459597581621753
1,"[0.1742086,0.72207737,0.103714064]",1,acrobot,-1.0,122,-0.9995118669193822,0.03124144502629704,-0.6719815733565727,0.7405678666194105,-1.82098134549169,1.6557904997561061
1,"[0.12772529,0.7438057,0.12846902]",1,acrobot,-1.0,123,-0.9175530073334137,0.3976134790640383,-0.8997341444928484,0.43643839110889665,-2.037726443025943,2.228350550217084
1,"[0.12969041,0.6360397,0.23426995]",1,acrobot,-1.0,124,-0.6374034635643793,0.7705302230517198,-0.9967458792850806,-0.08060801528515317,-2.7531347888632682,3.1697610071315436
2,"[0.1488816,0.3012256,0.5498928]",1,acrobot,-1.0,125,-0.034202441624642796,0.9994149253372759,-0.651795397624886,-0.7583948573368735,-3.85282415529871,4.814292239807264
2,"[0.21958484,0.061398517,0.7190166]",1,acrobot,-1.0,126,0.763665374695458,0.6456122640495963,0.5349320757266113,-0.8448950670697628,-5.237459443685239,8.212817991027812
2,"[0.1950977,0.063512675,0.74138963]",1,acrobot,-1.0,127,0.9096393743703871,-0.415398854831174,0.6669870282067271,0.7450693284547141,-5.624112349354593,9.027439720973996
2,"[0.31355244,0.11552608,0.57092154]",1,acrobot,-1.0,128,0.13413886139093725,-0.9909625451371726,-0.6631196301990685,0.7485134307710521,-4.478057114525226,5.719034158082852
2,"[0.322318,0.12893611,0.54874593]",1,acrobot,-1.0,129,-0.6084978817300536,-0.7935554977000902,-0.9935133955977413,-0.1137151386924623,-3.428477541443418,4.121109996994534
2,"[0.25702986,0.19809216,0.54487795]",1,acrobot,-1.0,130,-0.9538052693580328,-0.30042554509370634,-0.6480876149214331,-0.7615657840170135,-2.7987258015880796,3.5097621518270836
2,"[0.22521962,0.32980695,0.44497347]",1,acrobot,-1.0,131,-0.9689930207190218,0.2470880931931469,-0.0101549289449766,-0.9999484373797093,-2.8721457479625947,3.5730840488736884
2,"[0.263405,0.35682702,0.37976795]",1,acrobot,-1.0,132,-0.6271881129766433,0.7788678135221645,0.7122478059260285,-0.701928103835114,-3.691788287283271,4.659814724657539
0,"[0.5118074,0.21003492,0.27815768]",1,acrobot,-1.0,133,0.19506482282345772,0.9807903521634239,0.9466575849161594,0.3222412402544165,-5.042506181789777,6.167471018250479
0,"[0.8070242,0.12279242,0.070183404]",1,acrobot,-1.0,134,0.9552925948044415,0.295662067759456,0.16317016692329836,0.9865979407165935,-5.556382736304113,4.126159385733864
0,"[0.5316887,0.41779235,0.050518923]",1,acrobot,-1.0,135,0.7207935500772085,-0.6931498093248636,-0.28655203264356416,0.9580646807955305,-4.8046203392412625,0.2761650152748709
0,"[0.3333333333333333,0.3333333333333333,0.3333333333333333]",1,acrobot,-1.0,136,0.07094783967575838,-0.997480026890435,0.0587340296692466,0.9982736667661889,-2.3263425280275403,-3.6901965105072283
0,"[0.9414554,0.030057898,0.028486593]",1,acrobot,-1.0,137,-0.09851955571078203,-0.9951351150183326,0.9074538620164355,0.4201517443870203,0.4982401687584366,-6.889803373014958
0,"[0.3333333333333333,0.3333333333333333,0.3333333333333333]",1,acrobot,-1.0,138,0.1251028568850723,-0.992143777483482,0.49397412706143534,-0.8694766022118668,1.3731560948263595,-7.510734996701829
0,"[0.84335834,0.09028016,0.066361524]",1,acrobot,-1.0,139,0.3718771839237401,-0.9282819399713369,-0.8145719244307793,-0.5800625655299062,1.2479261371735655,-7.393712940585422
0,"[0.5562792,0.34115103,0.10256975]",1,acrobot,-1.0,140,0.6681522491690857,-0.7440245775041924,-0.5402430303660808,0.8415090422216948,2.6430060763719907,-9.25408589875298
0,"[0.8845722,0.08545776,0.029970014]",1,acrobot,-1.0,141,0.9998734013740637,-0.015911669449201228,0.9826362857746997,-0.18554225901099328,4.9944773073436615,-13.122600503240232
0,"[0.7683819,0.19127268,0.040345464]",1,acrobot,-1.0,142,0.7203270526225145,0.6936345848212596,-0.7671217903633325,-0.6415014877221684,2.5637012885274912,-9.223714449505223
1,"[0.16120732,0.79723424,0.041558426]",1,acrobot,-1.0,143,0.39175761038061424,0.9200684619683858,-0.5240853481406168,0.8516657489087656,1.8808633335291218,-8.446011319608207
1,"[0.38456857,0.5465864,0.06884502]",1,acrobot,-1.0,144,-0.03578972916367191,0.9993593424221294,0.9506964214050202,0.31012306319860866,2.3577800488103478,-9.597987710527866
0,"[0.46436414,0.4071898,0.12844604]",1,acrobot,-1.0,145,-0.304293979732597,0.9525781720669951,0.15921361764184586,-0.987244156203214,-0.11983757205641954,-7.047322101212501
1,"[0.0722506,0.8100798,0.11766953]",1,acrobot,-1.0,146,0.051614269830956364,0.9986670952573822,-0.8105012552099454,-0.5857368993866638,-3.349428410714457,-4.051034820003876
1,"[0.3289154,0.59473515,0.076349445]",1,acrobot,-1.0,147,0.798706133105943,0.6017212917447343,-0.9977420126605016,-0.06716305660235858,-5.079447226685433,-1.8530866172926332
1,"[0.37198964,0.58706874,0.040941633]",1,acrobot,-1.0,148,0.921314250186382,-0.3888187912170716,-0.9620415870241626,0.2729028853567335,-5.0570794550020866,-2.0801220178615565
1,"[0.21317422,0.72931486,0.057510927]",1,acrobot,-1.0,149,0.3276540758947045,-0.9447977596023327,-0.589156877260518,0.8080186717995043,-2.907193645393562,-4.931298908896103
0,"[0.96635056,0.017679084,0.015970381]",1,acrobot,-1.0,150,0.13709045478204762,-0.9905585329538338,0.6920120522799114,0.7218859463234794,0.9571985936417269,-9.058120660329786
0,"[0.9933513,0.0025721046,0.004076577]",1,acrobot,-1.0,151,0.4718764789429468,-0.8816646690326241,0.3954386853581568,-0.9184923767360362,1.8103880553894611,-9.624857247206148
0,"[0.9572379,0.021246793,0.021515291]",1,acrobot,-1.0,152,0.6683268018992368,-0.7438677878918661,-0.9813622545437357,-0.1921669205582376,0.9137109633223647,-8.75472157571589
0,"[0.9089124,0.05743883,0.033648767]",1,acrobot,-1.0,153,0.8970436078522809,-0.441942038746444,0.21630614578622495,0.9763255867256109,3.4256106468670566,-11.888385919430954
0,"[0.9853071,0.0074995887,0.00719338]",1,acrobot,-1.0,154,0.9302957331476308,0.3668103718371553,0.3004176892446684,-0.9538077437245379,3.715680731076943,-12.514300417728995
0,"[0.7830557,0.18591826,0.031025998]",1,acrobot,-1.0,155,0.6950381756407176,0.7189728328678512,-0.9716965817854591,0.23623241298868064,1.2517442573100994,-9.597952994348052
2,"[0.3333333333333333,0.3333333333333333,0.3333333333333333]",1,acrobot,-1.0,156,0.3840741681993931,0.9233022437544188,0.6635155159712948,0.7481625224945089,2.7618266105945883,-11.598715309440559
0,"[0.8702748,0.07458489,0.055140395]",1,acrobot,-1.0,157,-0.01767475096826386,0.9998437893882273,0.23471369042277884,-0.9720645469968133,0.4117740564237873,-8.907033117752077
1,"[0.16207337,0.73234993,0.10557667]",1,acrobot,-1.0,158,0.3093750651245613,0.950940097524115,-0.9136810976839485,-0.40643185374064245,-3.4012735465468604,-5.29924258401757
1,"[0.18619947,0.7724233,0.04137717]",1,acrobot,-1.0,159,0.9062177047843867,0.42281139002552676,-0.8852820283523136,0.46505454548516495,-4.2056475027021225,-4.438459404482977
0,"[0.8450972,0.1374708,0.017432043]",1,acrobot,-1.0,160,0.9822526253571808,-0.1875627361149486,0.07652870364180014,0.9970673786253893,-1.544300415515095,-7.825827659966641
0,"[0.9987859,0.00052689895,0.00068719]",1,acrobot,-1.0,161,0.9886312037995908,-0.15036070920879574,0.8501843149967828,-0.5264851664894759,0.7421214358923622,-11.052419460743376
0,"[0.90541935,0.06615726,0.028423293]",1,acrobot,-1.0,162,0.9378091915765434,-0.3471511489172261,-0.6860179461486485,-0.7275846188327444,-2.7493015959513363,-6.860579777897763
0,"[0.72360295,0.23608917,0.040307898]",1,acrobot,-1.0,163,0.5550556471077583,-0.8318132173834386,-0.8750729008398865,0.48399113443911973,-2.5109719341625327,-7.372000058204618
0,"[0.9918801,0.004435789,0.003684025]",1,acrobot,-1.0,164,0.5315276018556712,-0.8470409721291875,0.7795721222975656,0.6263124668537818,2.370520122296618,-12.634517982747646
0,"[0.99678016,0.0014263116,0.0017935326]",1,acrobot,-1.0,165,0.8548164094405849,-0.5189305407769969,-0.2001564721410649,-0.9797639443560082,1.1196231896028832,-10.323441450758686
0,"[0.97112477,0.019300435,0.009574694]",1,acrobot,-1.0,166,0.8864093771017462,-0.4629021669706184,-0.845371780963112,0.5341783896333285,0.5596066357160661,-10.056623791709493
0,"[0.9878215,0.0081491815,0.0040292777]",1,acrobot,-1.0,167,0.9989797629157902,0.04516008508308713,0.9983923327705064,0.05668112441603855,4.220299029529878,-14.720508839227502
0,"[0.9405431,0.044390652,0.015066215]",1,acrobot,-1.0,168,0.8424654579231852,0.5387503616762386,-0.786712693507502,-0.6173193159736469,0.2880837580232436,-9.826651689416211
2,"[0.3333333333333333,0.3333333333333333,0.3333333333333333]",1,acrobot,-1.0,169,0.8506353729332773,0.5257560863315462,-0.3374561358521797,0.9413412539433907,0.5983232973544246,-10.125997198723471
0,"[0.9651648,0.025714295,0.009120853]",1,acrobot,-1.0,170,0.5892934250544701,0.807919091981104,0.8880069474604969,-0.459830035188971,2.079086623017906,-12.342006638308307
1,"[0.39762866,0.51888263,0.08348879]",1,acrobot,-1.0,171,0.6385755116481524,0.7695591698649951,-0.7561655352630211,-0.6543803811854301,-2.775502522973591,-7.190462699357265
0,"[0.3333333333333333,0.3333333333333333,0.3333333333333333]",1,acrobot,-1.0,172,0.9919828472540357,0.12637258703443752,-0.8675457099645849,0.4973574580943211,-3.722637473241714,-6.231629130604543
0,"[0.98538107,0.01142346,0.0031954504]",1,acrobot,-1.0,173,0.9708166226153051,-0.2398230290314344,0.5835664612450011,0.8120653824107925,0.40153960705947256,-11.126212602618594
0,"[0.9944818,0.0030823094,0.002435909]",1,acrobot,-1.0,174,0.9939807037217271,-0.10955528571849134,0.23169531517687345,-0.9727884050116393,-0.4640791499915662,-9.784208883815886
0,"[0.747166,0.21356092,0.039273106]",1,acrobot,-1.0,175,0.8464729035318914,-0.5324318018171804,-0.9716144752568476,-0.23656988707644222,-3.3177942891330865,-6.823328781762772
0,"[0.9616157,0.028455123,0.009929195]",1,acrobot,-1.0,176,0.5151155943386609,-0.8571207175591593,-0.23182109452610955,0.9727584387363167,-0.3749033536805966,-9.941137178536664
0,"[0.9980385,0.0012225172,0.0007390825]",1,acrobot,-1.0,177,0.8188702392222764,-0.5739786854196345,0.7034009512687114,-0.7107932904538927,2.885900373052911,-13.888421263450931
0,"[0.983872,0.011212781,0.004915198]",1,acrobot,-1.0,178,0.9207009303244358,-0.3902688776980795,-0.9999740175905071,0.0072086159489982956,-0.01498056055831265,-10.803498664088522
0,"[0.979607,0.015775632,0.004617386]",1,acrobot,-1.0,179,0.9994162456792998,-0.03416383866449289,0.8371266223538859,0.5470091572783535,4.072049334500434,-15.530154318474239
0,"[0.9570122,0.029910266,0.013077499]",1,acrobot,-1.0,180,0.8624289909199636,0.5061780671075875,-0.5838948223606615,-0.8118293148318872,0.11318621016229002,-10.157960761809482
0,"[0.7456074,0.23165607,0.02273652]",1,acrobot,-1.0,181,0.9316372975965926,0.36338952341381275,-0.606638604256593,0.7949777379434048,-0.41146940772110174,-9.717071948178509
0,"[0.9761639,0.01676459,0.007071493]",1,acrobot,-1.0,182,0.7788273544752068,0.6272383533563222,0.9763019314377094,-0.21641288933656022,2.476221567632343,-13.577919869172344
0,"[0.58031344,0.33094284,0.088743754]",1,acrobot,-1.0,183,0.7679717649780938,0.6404836986188107,-0.7418883622667649,-0.6705234208684566,-2.6911925343542795,-7.9300846981648805
1,"[0.33183038,0.63332176,0.034847878]",1,acrobot,-1.0,184,0.9998443155698151,-0.017644960264275467,-0.7703956796278055,0.6375660725060671,-3.130510638875298,-7.6770343140706
0,"[0.994163,0.0034447603,0.0023923318]",1,acrobot,-1.0,185,0.9878757600369265,-0.1552465224456407,0.9306294305036737,0.365962925827751,1.5416578329417896,-13.061505344026866
0,"[0.95206016,0.027023328,0.020916449]",1,acrobot,-1.0,186,0.9957196568412698,-0.09242491536324968,-0.3386414170643477,-0.9409155066469308,-2.029591383955258,-8.239486944605787
0,"[0.67353565,0.26537105,0.061093286]",1,acrobot,-1.0,187,0.7304930425309851,-0.6829201379472012,-0.9848625084724864,0.17333735721211915,-3.4891912217896848,-6.930866873307989
0,"[0.98832184,0.0054931594,0.006185084]",1,acrobot,-1.0,188,0.4976397107904206,-0.867383835590926,0.38018330799736993,0.9249111591499893,1.108569156085355,-11.739651056226915
0,"[0.99782807,0.0009415392,0.0012304744]",1,acrobot,-1.0,189,0.8105674657820038,-0.5856452709753065,0.19027595435158762,-0.9817306459490773,1.6237636243207607,-11.991530545282494
0,"[0.9736155,0.015768036,0.010616489]",1,acrobot,-1.0,190,0.8331036372149588,-0.5531169222318246,-0.934029743704958,0.3571952377544396,0.010841958639036031,-10.641632439760327
0,"[0.9819155,0.012927916,0.0051565915]",1,acrobot,-1.0,191,0.994343262184859,-0.10621429728418272,0.9945266397122671,0.10448331399140508,4.387142715373496,-15.75620844779434
0,"[0.9317421,0.051011812,0.017246077]",1,acrobot,-1.0,192,0.9106195306012115,0.4132457749180617,-0.862928147072109,-0.5053266398980928,0.03804182617746399,-10.452322498424127
0,"[0.8108146,0.16563435,0.023550985]",1,acrobot,-1.0,193,0.8974254724876171,0.44116609267981743,0.0075687979298151185,0.9999713562387162,1.410391805893258,-11.893014186124386
0,"[0.9617054,0.02720271,0.011091975]",1,acrobot,-1.0,194,0.5909028492917389,0.8067427239826243,0.4208441059662386,-0.9071329772825356,1.6356579761902936,-12.968285889805216
1,"[0.26869807,0.69078255,0.040519394]",1,acrobot,-1.0,195,0.765359719731518,0.6436027496930791,-0.9997872593662714,0.020626100185927757,-2.915065644444756,-8.591873818440417
0,"[0.88066363,0.105161816,0.014174563]",1,acrobot,-1.0,196,0.936647032101338,0.3502746597396891,0.3717130220350002,0.9283476876955139,0.2778288935917841,-11.814297426376392
0,"[0.9628428,0.023424083,0.013733167]",1,acrobot,-1.0,197,0.8852056088053322,0.4651999894019573,0.27705436693916996,-0.9608542437643369,-0.7932829738604186,-10.634954654141264
0,"[0.49867198,0.42685902,0.074469]",1,acrobot,-1.0,198,0.9820001721457515,-0.18888001986900113,-0.9560466738345101,-0.2932145246231328,-5.027022495327886,-5.995850600880972
0,"[0.5700843,0.39450642,0.035409335]",1,acrobot,-1.0,199,0.4704859505313882,-0.8824074854354853,-0.5031071309640324,0.864224053572417,-2.6168813583752053,-8.766077111664373
0,"[0.99776804,0.0013271867,0.00090485555]",1,acrobot,-1.0,200,0.5777604981451712,-0.8162063506142572,0.9223947435277413,-0.3862485431848156,2.4187660874227204,-14.375235320209512
0,"[0.96787584,0.021753065,0.010371192]",1,acrobot,-1.0,201,0.6599448544070371,-0.7513140416241897,-0.9559929426792351,-0.29338966162340613,-1.2779785553660163,-10.548930071875473
0,"[0.9708772,0.02070596,0.008416861]",1,acrobot,-1.0,202,0.7221313436461982,-0.6917559703564086,0.5453090354441337,0.8382350838893518,3.1780022030989326,-15.25949328545514
0,"[0.99212307,0.004446431,0.003430435]",1,acrobot,-1.0,203,0.9859521276373185,-0.16702814735081267,-0.3527176733259686,-0.9357297916190952,0.9744575576083996,-11.589187424380295
1,"[0.3333333333333333,0.3333333333333333,0.3333333333333333]",1,acrobot,-1.0,204,0.9877070525404643,-0.15631627670152753,-0.5816072388668171,0.8134697411076316,0.7060928073412576,-11.577596761073941
0,"[0.98749256,0.008326623,0.0041809194]",1,acrobot,-1.0,205,0.8979610313502562,0.4400749779030662,0.7365740362637794,-0.6763569243395713,3.4972529133460606,-15.225910062174437
2,"[0.3333333333333333,0.3333333333333333,0.3333333333333333]",1,acrobot,-1.0,206,0.8210868528790551,0.5708032761198633,-0.9987533512741917,0.04991736490011167,-1.0291273940310113,-10.528384411396992
0,"[0.93028295,0.051568087,0.018148981]",1,acrobot,-1.0,207,0.7776374220943157,0.6287130026955916,0.731395853499925,0.6819531549037047,2.2082330283584914,-13.71462236738361
0,"[0.7754658,0.13560869,0.08892552]",1,acrobot,-1.0,208,0.6266318434820033,0.7793154257002399,-0.1650496782696075,-0.9862852547326757,-1.5817587319420414,-8.993792791292693
0,"[0.46294746,0.43552312,0.10152938]",1,acrobot,-1.0,209,0.9890521559578112,0.14756636742566223,-0.998510265434492,-0.05456418075936383,-4.903950372853046,-5.541932304197635
0,"[0.82936984,0.14004402,0.03058619]",1,acrobot,-1.0,210,0.7918439706324667,-0.6107234449184092,-0.3028258995491284,0.9530458932088534,-2.1343427429097517,-8.774383510743036
0,"[0.3333333333333333,0.3333333333333333,0.3333333333333333]",1,acrobot,-1.0,211,0.865646153318798,-0.500656306506138,0.843473902023602,-0.5371701561005406,1.8231827165836259,-13.590617190491123
0,"[0.957691,0.024457337,0.017851647]",1,acrobot,-1.0,212,0.8322994120283601,-0.5543263377625549,-0.9425978351174519,-0.33393011429323505,-2.133984522232926,-9.423108347119896
2,"[0.3333333333333333,0.3333333333333333,0.3333333333333333]",1,acrobot,-1.0,213,0.7253850391858316,-0.6883433336100303,0.2254132604328397,0.9742632406187954,1.621516039794837,-13.36403400595189
0,"[0.9987968,0.00035478765,0.00084831676]",1,acrobot,-1.0,214,0.9651409104292782,-0.26173082167705064,0.09968573256261137,-0.9950189720419684,1.49459984546911,-12.54882605980187
0,"[0.98217726,0.009312477,0.008510344]",1,acrobot,-1.0,215,0.9533763566812319,-0.3017839003678305,-0.870587104088554,0.4920143231601142,-0.3315321435646754,-10.975940698523969
0,"[0.9973435,0.00089222967,0.0017642459]",1,acrobot,-1.0,216,0.9876367391278948,0.1567599168308611,0.9826945718827029,-0.18523330799905072,3.9521355976353605,-15.912576658165534
0,"[0.3333333333333333,0.3333333333333333,0.3333333333333333]",1,acrobot,-1.0,217,0.8904518196859783,0.45507752835965215,-0.952110662332073,-0.3057536372205263,-1.1110126252657948,-10.420042727691808
0,"[0.3333333333333333,0.3333333333333333,0.3333333333333333]",1,acrobot,-1.0,218,0.9189090958775705,0.3944693568751139,0.3355615532112091,0.94201828220395,1.5343871986975537,-13.179739890713497
0,"[0.98111963,0.004003834,0.014876502]",1,acrobot,-1.0,219,0.7462911150742778,0.6656196898839389,0.11938222901422184,-0.9928483687832679,-0.14237444418187017,-11.249849841186673
0,"[0.62801045,0.2729607,0.09902889]",1,acrobot,-1.0,220,0.9824407796178279,0.18657468891549692,-0.9990693844340327,0.04313194971947051,-4.029113023948294,-7.461514133044787
0,"[0.992156,0.002867534,0.004976438]",1,acrobot,-1.0,221,0.9534070824305005,-0.3016868163698253,0.2792293556953646,0.9602244357013372,-0.018060071776652364,-11.827550961095904
0,"[0.99811745,0.0002594372,0.0016231391]",1,acrobot,-1.0,222,0.9934590107602703,-0.11418928994973669,0.2506331718917809,-0.9680821314059386,0.02346526270067161,-11.79954596878526
0,"[0.86003095,0.09005722,0.049911834]",1,acrobot,-1.0,223,0.8426030380363803,-0.5385351616114423,-0.9975656343107508,0.06973381706309646,-3.2146644789527303,-8.728174948915811
0,"[0.99668676,0.0007968335,0.0025164043]",1,acrobot,-1.0,224,0.7340792709259967,-0.6790637849250666,0.6424080148474225,0.7663628008063764,2.072295311608204,-14.244879522375049
0,"[0.99622995,0.0007436656,0.0030264119]",1,acrobot,-1.0,225,0.9271962997312865,-0.3745757890796072,-0.2719701839219733,-0.9623056785956571,-0.17110303100021973,-10.65228924668066
0,"[0.9715907,0.014447515,0.013961834]",1,acrobot,-1.0,226,0.7988786174417344,-0.6014922730961579,-0.793866275433134,0.6080923751618033,-0.8417210211703255,-10.38463141044212
0,"[0.9978411,0.00069809664,0.0014606975]",1,acrobot,-1.0,227,0.9730193521246435,-0.2307235150368056,0.9669889240862118,-0.25481840729152677,3.7970382299979137,-15.615934500630232
0,"[0.97653687,0.011936594,0.011526525]",1,acrobot,-1.0,228,0.9947137322733747,0.10268685810157578,-0.9662330591137409,-0.2576697022851195,-0.5751538927155435,-10.754545636952589
0,"[0.98319066,0.008941874,0.00786755]",1,acrobot,-1.0,229,0.9772622294970121,0.21203427741412254,0.5135274790312825,0.8580731485600606,2.620437961153174,-14.249709127826106
0,"[0.97805005,0.00798096,0.01396892]",1,acrobot,-1.0,230,0.80326518226875,0.5956215635407703,-0.12317622612960591,-0.9923848131226456,-0.09569788729380857,-10.653321063647176
0,"[0.62063354,0.3287094,0.050657116]",1,acrobot,-1.0,231,0.9769256770650279,0.21357954370921595,-0.9563348790500504,0.2922731583849694,-2.8244244601957624,-8.130614337165964
0,"[0.99055135,0.0052127102,0.004236028]",1,acrobot,-1.0,232,0.9995282945282099,0.03071137309740768,0.6763341262775119,0.7365949698663673,1.374916745393668,-12.817715211128988
0,"[0.98267084,0.0069617955,0.01036735]",1,acrobot,-1.0,233,0.9790769487076241,0.20349036465977555,-0.030609670254391763,-0.9995314142571595,-1.1159223484287124,-9.3448393527387
0,"[0.7565341,0.19320607,0.050259892]",1,acrobot,-1.0,234,0.9252610065012926,-0.3793310821013946,-0.9980987487235717,-0.061635118207401814,-3.8703057832501164,-6.5429855526731995
0,"[0.9836119,0.009789093,0.006599018]",1,acrobot,-1.0,235,0.6199051369268959,-0.7846767622477719,-0.04880451057786896,0.9988083498585976,-0.3496967248576235,-10.304335371443079
0,"[0.99936193,0.00026748746,0.00037062797]",1,acrobot,-1.0,236,0.8597924617687847,-0.5106436357045615,0.5543275696094191,-0.8322985915949364,2.2170391515468593,-13.522835190120336
0,"[0.9864976,0.008028977,0.0054734065]",1,acrobot,-1.0,237,0.8820683128807885,-0.4711215250990338,-0.992314549977752,0.1237409952378414,-0.6477401891701828,-10.707708614373672
0,"[0.9959741,0.0025215785,0.0015043371]",1,acrobot,-1.0,238,0.9865375715961778,-0.1635347664232787,0.9227618007144022,0.38537080733017887,4.031576794007076,-15.921958249613537
0,"[0.97751015,0.013039118,0.009450664]",1,acrobot,-1.0,239,0.9428751377226766,0.3331463262058334,-0.7358992589408259,-0.6770910431325637,-0.39163059357965935,-10.200985871134616
0,"[0.9537282,0.036815934,0.009455908]",1,acrobot,-1.0,240,0.9819037114322735,0.18938083713915344,-0.3275227793267365,0.9448432827840233,0.279865144864509,-10.976167113274435
0,"[0.99512935,0.0026075991,0.0022630512]",1,acrobot,-1.0,241,0.8022525520882829,0.5969847926604469,0.6674715513931964,-0.7446352987071991,2.3036424696854207,-14.101394328439456
0,"[0.7118641,0.24335907,0.044776786]",1,acrobot,-1.0,242,0.8701176674450088,0.49284403699350665,-0.9953759883848231,-0.09605540977444446,-2.6456713871768964,-9.147002140698422
0,"[0.3333333333333333,0.3333333333333333,0.3333333333333333]",1,acrobot,-1.0,243,0.9732011927560269,0.22995529656489036,0.382079682820798,0.924129382703287,0.7434937928492964,-12.701652316303198
0,"[0.98291886,0.0071411543,0.009940036]",1,acrobot,-1.0,244,0.9144656387367647,0.4046635584899647,0.1521770173434438,-0.9883532543541571,-0.7659200168393019,-10.778392275426295
0,"[0.64176553,0.2990687,0.059165727]",1,acrobot,-1.0,245,0.9731590716169946,-0.23013348589362062,-0.9955543531302352,-0.09418879956469815,-4.577932196245848,-6.852225568560019
0,"[0.3333333333333333,0.3333333333333333,0.3333333333333333]",1,acrobot,-1.0,246,0.6432559873523597,-0.7656511834610724,-0.0036824837141440437,0.9999932196338609,-0.706955717636458,-11.024699941896953
0,"[0.9991092,0.00033894906,0.00055185857]",1,acrobot,-1.0,247,0.8375509687303021,-0.5463591994090816,0.4016607738280452,-0.9157885251344089,1.5370687601445594,-13.84427131692956
0,"[0.97235155,0.017573845,0.010074655]",1,acrobot,-1.0,248,0.7518206190122171,-0.6593676947106878,-0.9402924642648899,0.34036756844132604,-1.1537966901921712,-11.499335402677993
0,"[0.9965501,0.0018753626,0.0015745937]",1,acrobot,-1.0,249,0.9569032613216012,-0.2904068671228066,0.9760534041440637,-0.2175310374608298,4.262292275891307,-17.07735067800897
0,"[0.9662583,0.023095634,0.010646077]",1,acrobot,-1.0,250,0.9969083759221876,0.07857283255799155,-0.9988808105609944,-0.04729826945048647,-0.5382169409272457,-11.926309337654828
0,"[0.98387736,0.01058626,0.0055363798]",1,acrobot,-1.0,251,0.9281178640805374,0.3722864896482022,0.9287323757408564,0.370750825016944,3.7847539541088766,-16.601563836704354
0,"[0.74882066,0.18865958,0.06251976]",1,acrobot,-1.0,252,0.7603922903407936,0.6494640596601804,-0.7726356505714673,-0.6348497077781523,-2.138719939196638,-9.621931221733298
0,"[0.7770559,0.19957817,0.023365907]",1,acrobot,-1.0,253,0.9860238029674009,0.166604501684991,-0.4149739442681062,0.9098332954880091,-1.5435092500821885,-10.397497733501057
0,"[0.9962366,0.0018450168,0.001918353]",1,acrobot,-1.0,254,0.9236639533360864,0.3832034724628054,0.7180110814805145,-0.6960316708822825,1.571207534297765,-14.5714190287208
0,"[0.68599874,0.2718159,0.042185336]",1,acrobot,-1.0,255,0.9985246199094183,0.054300860350013726,-0.9883621694874044,-0.15211910440885218,-3.9458750861387766,-8.984867618290787
0,"[0.99406,0.0035359724,0.0024039946]",1,acrobot,-1.0,256,0.9216703259574996,-0.3879739814077695,0.39205210439999544,0.9199430131456704,0.5745802301907754,-13.771566952469126
0,"[0.9948925,0.002120882,0.002986636]",1,acrobot,-1.0,257,0.9725458768909316,-0.23271123166372726,-0.02960362988329838,-0.9995617165026544,-1.09984690818437,-10.998953292533654
0,"[0.76387924,0.20365636,0.03246445]",1,acrobot,-1.0,258,0.6512032465598048,-0.7589033743962206,-0.9635444787162523,0.26754819665889307,-3.440714909590757,-8.997554542048317
0,"[0.99670804,0.0017399506,0.0015520254]",1,acrobot,-1.0,259,0.5915607664057677,-0.8062604167695576,0.8923253913389313,0.451392729196897,2.7805744744220675,-15.400795313464453
0,"[0.98993206,0.0051862127,0.004881632]",1,acrobot,-1.0,260,0.8280810485872624,-0.5606083989476255,-0.6674655913644142,-0.7446406410776629,-0.9427834278765208,-10.342293470128421
2,"[0.3333333333333333,0.3333333333333333,0.3333333333333333]",1,acrobot,-1.0,261,0.7069521374017399,-0.7072613911582559,-0.30104892249580084,0.9536086966172851,0.7305780682059884,-12.348223771466177